task_id,content,timestamp,status,agent,confidence,error_message
TASK-001,Deploy Kubernetes application to production,2024-01-15T10:30:00,completed,katie_logic,0.95,
TASK-002,Database backup and restore,2024-01-15T11:00:00,failed,igris_logic,0.75,Connection timeout
TASK-003,Deploy Kubernetes application to production,2024-01-15T14:30:00,completed,katie_logic,0.92,
TASK-004,Security audit of microservices,2024-01-15T15:00:00,completed,audit_logic,0.88,
TASK-005,Database backup and restore,2024-01-15T16:00:00,failed,igris_logic,0.70,Permission denied
TASK-006,Deploy Kubernetes application to production,2024-01-16T09:30:00,completed,katie_logic,0.94,
TASK-007,Configure monitoring and alerting,2024-01-16T10:00:00,completed,platform_engineer,0.85,
TASK-008,Database backup and restore,2024-01-16T11:00:00,completed,igris_logic,0.90,
TASK-009,Update Helm charts for new version,2024-01-16T12:00:00,failed,kubernetes_specialist,0.65,Chart validation failed
TASK-010,Update Helm charts for new version,2024-01-16T13:00:00,failed,kubernetes_specialist,0.60,Syntax error in values.yaml
TASK-011,Deploy Kubernetes application to production,2024-01-16T14:30:00,completed,katie_logic,0.96,
TASK-012,Update Helm charts for new version,2024-01-16T15:00:00,completed,kubernetes_specialist,0.85,
TASK-013,Database backup and restore,2024-01-17T09:00:00,completed,igris_logic,0.92,
TASK-014,Security audit of microservices,2024-01-17T10:00:00,completed,audit_logic,0.90,
TASK-015,Configure monitoring and alerting,2024-01-17T11:00:00,completed,platform_engineer,0.88, 